sku,qty
364d9c85,28.501529730307624
364d9c85,28.248858165808024
364d9c85,27.996186601308416
364d9c85,27.743515036808816
364d9c8b,6.910520432787331
364d9c8b,6.850250063594983
364d9c8b,6.789979694402634
364d9c8b,6.729709325210285
364dc393,8.129474850105318
364dc393,8.139426178904529
364dc393,8.149377507703742
364dc393,8.159328836502953
364de2d7,52.69404727931511
364de2d7,53.015640794696985
364de2d7,53.337234310078856
364de2d7,53.65882782546073
364de6bc,4.742340966224855
364de6bc,4.633140839192283
364de6bc,4.52394071215971
364de6bc,4.414740585127138
364de6bd,25.222187984718797
364de6bd,25.10325700764677
364de6bd,24.98432603057475
364de6bd,24.865395053502723
364de6c1,59.41366900508143
364de6c1,59.11280945271506
364de6c1,58.811949900348694
364de6c1,58.511090347982325
364deaa4,160.97915065188948
364deaa4,161.59750088960334
364deaa4,162.21585112731722
364deaa4,162.8342013650311
364deabe,46.390538167948634
364deabe,46.63752480688736
364deabe,46.88451144582609
364deabe,47.13149808476482
364deac0,23.816968304452956
364deac0,23.97578069276824
364deac0,24.134593081083516
364deac0,24.2934054693988
364df660,4.930341969699853
364df660,4.564905811013745
364df660,4.199469652327643
364df660,3.8340334936415346
36531bf5,2.935650834289932
36531bf5,2.928636740236672
36531bf5,2.921622646183411
36531bf5,2.914608552130151
36536243,2.279639410075844
36536243,2.2544553115222015
36536243,2.229271212968559
36536243,2.2040871144149166
36536247,6.152737599159446
36536247,6.119529454012987
36536247,6.086321308866529
36536247,6.05311316372007
36536249,4.175066733871725
36536249,4.175441402472535
36536249,4.175816071073345
36536249,4.176190739674155
3653624f,1.6186358551736655
3653624f,1.5709307775393535
3653624f,1.5232256999050406
3653624f,1.4755206222707278
36536a10,2.891459190422818
36536a10,2.8503796145411364
36536a10,2.8093000386594538
36536a10,2.768220462777772
36536a12,18.118845981965297
36536a12,18.12885893827067
36536a12,18.13887189457604
36536a12,18.148884850881412
36536a14,3.27376596972697
36536a14,3.23724180466163
36536a14,3.200717639596289
36536a14,3.164193474530949
36536a21,4.233575815574667
36536a21,4.186064337905678
36536a21,4.138552860236689
36536a21,4.091041382567701
36536a23,81.08900446635965
36536a23,81.61816820047318
36536a23,82.1473319345867
36536a23,82.6764956687002
36536a24,147.70123475370002
36536a24,148.58223161554025
36536a24,149.46322847738048
36536a24,150.34422533922066
36536df6,1.429577437504081
36536df6,1.3511130302947034
36536df6,1.2726486230853276
36536df6,1.19418421587595
36536df8,2.9256191112587158
36536df8,2.9210667273336393
36536df8,2.916514343408563
36536df8,2.9119619594834867
36536df9,11.877052217143369
36536df9,11.903269999064086
36536df9,11.929487780984804
36536df9,11.955705562905521
365371dc,-1.7385782982308804
365371dc,-1.8715542929248628
365371dc,-2.0045302876188416
365371dc,-2.137506282312824
3654a222,8.506819464944908
3654a222,8.474212460403724
3654a222,8.44160545586254
3654a222,8.408998451321354
3654a224,17.556959979291218
3654a224,17.552016278863373
3654a224,17.54707257843553
3654a224,17.542128878007684
3654a22a,9.13714257105839
3654a22a,9.129250678538213
3654a22a,9.121358786018037
3654a22a,9.113466893497861
3654a22e,12.682822597898445
3654a22e,12.644621535072169
3654a22e,12.606420472245894
3654a22e,12.568219409419616
3654add1,1.4020996212874723
3654add1,1.3939529855984145
3654add1,1.3858063499093567
3654add1,1.3776597142202989
3654adda,15.17971168013169
3654adda,15.23038577487024
3654adda,15.281059869608788
3654adda,15.331733964347336
3654c8ef,9.3168576413083
3654c8ef,9.35884243929176
3654c8ef,9.400827237275221
3654c8ef,9.442812035258681
3654ebdc,2.2221752112376603
3654ebdc,2.213391596550748
3654ebdc,2.2046079818638358
3654ebdc,2.1958243671769235
3654ebdf,61.42590333634852
3654ebdf,61.318782865228634
3654ebdf,61.21166239410875
3654ebdf,61.10454192298886
3654efd2,2.35776759020348
3654efd2,2.312862265913852
3654efd2,2.267956941624224
3654efd2,2.2230516173345958
3654efdc,67.72962929420524
3654efdc,67.86039602150255
3654efdc,67.99116274879987
3654efdc,68.12192947609718
3654efdf,67.10858591025703
3654efdf,67.31762859051355
3654efdf,67.52667127077007
3654efdf,67.7357139510266
3654efe1,67.19736105933445
3654efe1,67.34664903159457
3654efe1,67.49593700385468
3654efe1,67.6452249761148
3654efea,5.698974634530121
3654efea,5.68301238398077
3654efea,5.6670501334314185
3654efea,5.651087882882068
3654fbc4,62.93594771178522
3654fbc4,63.43053236116042
3654fbc4,63.92511701053563
3654fbc4,64.41970165991083
366cd2c2,4.3810431127387375
366cd2c2,4.1828309521183265
366cd2c2,3.9846187914979154
366cd2c2,3.7864066308775044
366cd2c6,14.168947509952133
366cd2c6,13.715793919072325
366cd2c6,13.262640328192518
366cd2c6,12.80948673731271
366cd5ed,30.605432979239517
366cd5ed,30.77037579097209
366cd5ed,30.935318602704662
366cd5ed,31.100261414437227
366cd5f8,225.96781106968035
366cd5f8,227.6105358941479
366cd5f8,229.25326071861545
366cd5f8,230.89598554308301
366cd5fb,98.94420440524068
366cd5fb,99.38955394398484
366cd5fb,99.83490348272898
366cd5fb,100.28025302147313
366cd5ff,46.98522144554883
366cd5ff,47.28277714609921
366cd5ff,47.58033284664958
366cd5ff,47.877888547199944
366e97ce,2.30481249074528
366e97ce,2.287131631873359
366e97ce,2.2694507730014375
366e97ce,2.2517699141295164
366e97d0,3.4289652790145997
366e97d0,3.423060722223521
366e97d0,3.4171561654324423
366e97d0,3.4112516086413636
367fb4f4,91.86960285612615
367fb4f4,91.89801676873545
367fb4f4,91.92643068134474
367fb4f4,91.95484459395402
367fb4f5,29.92133091440327
367fb4f5,29.889709405120218
367fb4f5,29.858087895837166
367fb4f5,29.826466386554117
367fb534,111.10233350312176
367fb534,111.10346023312633
367fb534,111.1045869631309
367fb534,111.10571369313547
367fb535,45.16261041039924
367fb535,45.414318878636074
367fb535,45.66602734687291
367fb535,45.91773581510974
367fb53c,34.74288320352611
367fb53c,34.82756968842029
367fb53c,34.91225617331447
367fb53c,34.996942658208646
367fb590,9.630566044406432
367fb590,9.633852885093518
367fb590,9.637139725780603
367fb590,9.640426566467687
367fb596,33.195262878847224
367fb596,33.30235858999656
367fb596,33.4094543011459
367fb596,33.516550012295234
367fb5ec,8.986578037676079
367fb5ec,9.000758175724116
367fb5ec,9.01493831377215
367fb5ec,9.029118451820185
367fb6ac,318.6254216005499
367fb6ac,320.7316122712109
367fb6ac,322.8378029418719
367fb6ac,324.94399361253295
367fb6ae,61.584142613071634
367fb6ae,62.00688369557756
367fb6ae,62.429624778083465
367fb6ae,62.85236586058937
367fb710,31.423824770116692
367fb710,31.555612770526896
367fb710,31.6874007709371
367fb710,31.819188771347303
367fb713,109.66382146959445
367fb713,110.23781437141336
367fb713,110.81180727323228
367fb713,111.38580017505119
367fb715,32.29084665659882
367fb715,32.48670092946145
367fb715,32.682555202324075
367fb715,32.8784094751867
3682977c,10.275127768107197
3682977c,10.239717741178762
3682977c,10.204307714250326
3682977c,10.168897687321891
36829785,6.093374631430588
36829785,6.0588988242222515
36829785,6.024423017013916
36829785,5.98994720980558
368297ee,2.1213328758288084
368297ee,2.1178214398098434
368297ee,2.1143100037908784
368297ee,2.110798567771914
368297f2,63.16210740160878
368297f2,63.2821307232006
368297f2,63.402154044792425
368297f2,63.52217736638424
3682a1b2,77.76988876416752
3682a1b2,77.71676730676539
3682a1b2,77.66364584936325
3682a1b2,77.61052439196112
3682a1b3,24.10126549480773
3682a1b3,24.067888751817797
3682a1b3,24.034512008827868
3682a1b3,24.001135265837934
3682a410,3.128214815809425
3682a410,3.0059727829201925
3682a410,2.8837307500309635
3682a410,2.761488717141731
3682a6a9,9.752611874203852
3682a6a9,9.763261748969253
3682a6a9,9.773911623734655
3682a6a9,9.784561498500056
3682a769,12.680410528787009
3682a769,12.709562579100236
3682a769,12.738714629413465
3682a769,12.767866679726694
3682a76d,11.54412838183967
3682a76d,11.557359710551706
3682a76d,11.570591039263743
3682a76d,11.583822367975781
3682a95f,2.464992428534188
3682a95f,2.3421304883138383
3682a95f,2.2192685480934884
3682a95f,2.0964066078731385
3682a963,10.110146151628605
3682a963,10.05934062927132
3682a963,10.008535106914035
3682a963,9.95772958455675
3682a964,9.53205380989355
3682a964,9.563968382788904
3682a964,9.595882955684253
3682a964,9.627797528579604
3682a966,6.202233325128443
3682a966,6.026923350274643
3682a966,5.851613375420847
3682a966,5.6763034005670505
3682ac27,33.754092508335155
3682ac27,33.91647608350297
3682ac27,34.078859658670794
3682ac27,34.24124323383861
3682ad56,14.893493503504352
3682ad56,14.945343000659014
3682ad56,14.997192497813677
3682ad56,15.049041994968338
3682ad57,22.043228365990867
3682ad57,22.161013422567702
3682ad57,22.278798479144537
3682ad57,22.396583535721373
3682ad58,13.712815458067325
3682ad58,13.76272235694579
3682ad58,13.812629255824254
3682ad58,13.862536154702717
3682ad61,43.2031153007053
3682ad61,43.35606635623677
3682ad61,43.509017411768234
3682ad61,43.6619684672997
3683bdf6,102.76788217740997
3683bdf6,103.54388144805026
3683bdf6,104.31988071869054
3683bdf6,105.09587998933083
3683c1f1,27.79178559826929
3683c1f1,27.981073091069828
3683c1f1,28.170360583870366
3683c1f1,28.359648076670908
3683c36e,42.3917833099395
3683c36e,42.6316090505986
3683c36e,42.87143479125771
3683c36e,43.11126053191681
3683c7c4,10.74363290395468
3683c7c4,10.794836280899867
3683c7c4,10.846039657845054
3683c7c4,10.89724303479024
3683c7d0,27.821171264050374
3683c7d0,27.884244655629974
3683c7d0,27.947318047209574
3683c7d0,28.010391438789174
368853c2,23.76716625708792
368853c2,23.782988786336468
368853c2,23.798811315585013
368853c2,23.814633844833562
36887060,19.265663768801687
36887060,19.313464435662155
36887060,19.361265102522626
36887060,19.409065769383094
36887084,11.568730288127355
36887084,11.6166703735995
36887084,11.664610459071646
36887084,11.712550544543792
3688709a,21.439209913577407
3688709a,21.559335241404867
3688709a,21.679460569232326
3688709a,21.799585897059785
368870b6,58.13013997919194
368870b6,58.30507201640236
368870b6,58.48000405361279
368870b6,58.654936090823206
368870ef,27.11366618401877
368870ef,27.30632732874788
368870ef,27.498988473476988
368870ef,27.6916496182061
36887303,3.5586316707991807
36887303,3.517625103534816
36887303,3.4766185362704514
36887303,3.4356119690060867
36887369,44.5060744864667
36887369,44.64869706254731
36887369,44.791319638627925
36887369,44.93394221470854
36887497,8.089655308519527
36887497,8.072874526034234
36887497,8.05609374354894
36887497,8.039312961063647
369a87ae,65.07380559778743
369a87ae,65.39224606107614
369a87ae,65.71068652436485
369a87ae,66.02912698765356
369a896c,44.88769767264752
369a896c,45.052809384912685
369a896c,45.21792109717785
369a896c,45.38303280944302
369a89ba,1.9059932325975852
369a89ba,1.8748707366085187
369a89ba,1.843748240619452
369a89ba,1.8126257446303864
369a89c3,4.716349293081656
369a89c3,4.57790485609009
369a89c3,4.439460419098523
369a89c3,4.301015982106957
369a89c7,3.544835160950101
369a89c7,3.4989648031872935
369a89c7,3.453094445424486
369a89c7,3.407224087661678
369a8aaa,50.2310232381707
369a8aaa,50.462485859877454
369a8aaa,50.693948481584215
369a8aaa,50.92541110329097
369a8aab,30.142527834384005
369a8aab,30.260802218202777
369a8aab,30.37907660202155
369a8aab,30.49735098584032
369a8b11,85.05734409179277
369a8b11,85.64062307224864
369a8b11,86.22390205270449
369a8b11,86.80718103316033
36d9c3cc,12.409037679832148
36d9c3cc,12.447531987884199
36d9c3cc,12.48602629593625
36d9c3cc,12.524520603988302
36d9c3e4,32.6324349076114
36d9c3e4,32.58899556729934
36d9c3e4,32.545556226987294
36d9c3e4,32.50211688667524
36d9c3e5,23.632723854651587
36d9c3e5,23.628462899817528
36d9c3e5,23.624201944983465
36d9c3e5,23.619940990149406
36d9c3e9,8.171866583350477
36d9c3e9,8.210676656699317
36d9c3e9,8.249486730048156
36d9c3e9,8.288296803396996
36d9c3ea,4.590138884668056
36d9c3ea,4.602471226674321
36d9c3ea,4.6148035686805855
36d9c3ea,4.62713591068685
36d9c502,14.228229175381593
36d9c502,14.188323851697342
36d9c502,14.148418528013092
36d9c502,14.108513204328844
36d9c504,68.22336211584057
36d9c504,68.29254443990948
36d9c504,68.3617267639784
36d9c504,68.4309090880473
36d9c505,78.69834201425569
36d9c505,78.9740382325425
36d9c505,79.2497344508293
36d9c505,79.5254306691161
36d9c506,26.384458475228946
36d9c506,26.204332837447822
36d9c506,26.024207199666698
36d9c506,25.844081561885574
36dc3ea3,15.791533094999942
36dc3ea3,15.433070106797189
36dc3ea3,15.074607118594443
36dc3ea3,14.71614413039169
36dc3ea4,124.82484808940805
36dc3ea4,125.5945082022094
36dc3ea4,126.36416831501074
36dc3ea4,127.13382842781209
36dc3ea5,44.59920054958659
36dc3ea5,44.69438556468291
36dc3ea5,44.78957057977923
36dc3ea5,44.88475559487554
36dc3f51,18.366232957542763
36dc3f51,18.40158087266244
36dc3f51,18.43692878778211
36dc3f51,18.472276702901784
36dcbe15,28.289216736190323
36dcbe15,28.082737287995023
36dcbe15,27.87625783979972
36dcbe15,27.669778391604424
36dd64e5,6.563845309390054
36dd64e5,6.4393736078570285
36dd64e5,6.314901906324007
36dd64e5,6.190430204790982
36dd64f9,10.030818353954732
36dd64f9,9.924758384458531
36dd64f9,9.81869841496233
36dd64f9,9.71263844546613
36dd64fb,35.06816498591466
36dd64fb,35.249072227558294
36dd64fb,35.429979469201925
36dd64fb,35.610886710845556
36dd6502,47.405774569972586
36dd6502,47.42608464713531
36dd6502,47.44639472429803
36dd6502,47.46670480146076
36dd8d30,47.10409012919861
36dd8d30,47.22774759698129
36dd8d30,47.351405064763966
36dd8d30,47.475062532546644
36dd8d42,46.40832466532571
36dd8d42,46.54310159978468
36dd8d42,46.67787853424364
36dd8d42,46.8126554687026
36de16fe,2.1387018438247605
36de16fe,2.085475292757897
36de16fe,2.032248741691033
36de16fe,1.9790221906241694
36de171d,114.5362312225287
36de171d,114.1927015234586
36de171d,113.84917182438849
36de171d,113.50564212531839
36de172b,37.00347251019731
36de172b,36.86525993307666
36de172b,36.72704735595601
36de172b,36.58883477883536
36df26eb,18.79863914600985
36df26eb,18.625874302407507
36df26eb,18.453109458805162
36df26eb,18.280344615202818
36e0595d,5.4200637366439945
36e0595d,5.400786253167492
36e0595d,5.3815087696909885
36e0595d,5.362231286214485
36e05983,115.20304265531493
36e05983,114.94450951588021
36e05983,114.6859763764455
36e05983,114.42744323701078
36e05993,40.47041534638714
36e05993,40.322005656896536
36e05993,40.173595967405944
36e05993,40.025186277915346
36e0f089,19.63336846141543
36e0f089,19.620343929914632
36e0f089,19.607319398413836
36e0f089,19.59429486691304
36e0f0a8,162.5574000892812
36e0f0a8,162.5203648033568
36e0f0a8,162.48332951743242
36e0f0a8,162.44629423150803
36e11329,25.354620834044148
36e11329,25.335591797802692
36e11329,25.31656276156124
36e11329,25.297533725319788
36e116f9,83.11348245171897
36e116f9,83.02793148667945
36e116f9,82.94238052163992
36e116f9,82.85682955660039
36ff8b61,10.052422669284644
36ff8b61,9.97186195826062
36ff8b61,9.891301247236598
36ff8b61,9.810740536212574
36ff8b66,10.317027449908277
36ff8b66,10.283356553625191
36ff8b66,10.249685657342106
36ff8b66,10.216014761059018
36ff8f6f,26.785167361055695
36ff8f6f,26.816873078453746
36ff8f6f,26.848578795851797
36ff8f6f,26.880284513249848
37008932,12.311738683876198
37008932,12.343489683567576
37008932,12.375240683258955
37008932,12.406991682950334
370a496b,26.122139602888815
370a496b,26.143160151969315
370a496b,26.164180701049812
370a496b,26.18520125013031
370a4970,52.99651247642204
370a4970,52.70968498658301
370a4970,52.42285749674398
370a4970,52.13603000690495
370cba4b,53.474524835582294
370cba4b,53.68093315183286
370cba4b,53.88734146808343
370cba4b,54.093749784333994
370cc602,4.262421847180977
370cc602,4.28705450668392
370cc602,4.311687166186863
370cc602,4.336319825689807
370ccdd0,4.9690235212455685
370ccdd0,4.969419559698711
370ccdd0,4.969815598151853
370ccdd0,4.970211636604995
37115dd0,14.674800609591687
37115dd0,14.737771510633046
37115dd0,14.800742411674406
37115dd0,14.863713312715765
371161b9,22.417206472365265
371161b9,22.498569793877177
371161b9,22.57993311538909
371161b9,22.661296436900997
37232c76,67.10599477025835
37232c76,67.35308202306273
37232c76,67.60016927586712
37232c76,67.8472565286715
37232cac,3.624001383168231
37232cac,3.6356760422403873
37232cac,3.6473507013125435
37232cac,3.6590253603846996
37232cae,3.4949265064747017
37232cae,3.509713233532289
37232cae,3.5244999605898757
37232cae,3.5392866876474622
37232d73,3.933727184353055
37232d73,3.9506116075952686
37232d73,3.9674960308374834
37232d73,3.984380454079698
37232e7e,11.742327890054593
37232e7e,11.779060607928105
37232e7e,11.815793325801621
37232e7e,11.852526043675136
37232f55,2.1811441261540474
37232f55,2.180600738634114
37232f55,2.1800573511141805
37232f55,2.1795139635942467
3723316e,32.01656096964161
3723316e,32.19261289608234
3723316e,32.36866482252307
3723316e,32.5447167489638
37233241,5.9378990275082675
37233241,5.937792057170954
37233241,5.937685086833641
37233241,5.937578116496328
37233265,7.472781285675701
37233265,7.410726019242073
37233265,7.348670752808445
37233265,7.286615486374815
37233266,5.487585144937853
37233266,5.336307839200405
37233266,5.185030533462957
37233266,5.033753227725509
37233269,5.219479280263373
37233269,5.237674286885606
37233269,5.255869293507839
37233269,5.274064300130071
3723326a,5.277380198973302
3723326a,5.2478805404671744
3723326a,5.218380881961047
3723326a,5.18888122345492
37233270,11.126720742280913
37233270,11.141620432920519
37233270,11.156520123560123
37233270,11.171419814199728
3723327f,2.914916629123134
3723327f,2.7134552218051518
3723327f,2.5119938144871696
3723327f,2.3105324071691875
37233280,-1.4635829263476197
37233280,-1.7793988932959053
37233280,-2.095214860244191
37233280,-2.4110308271924765
372336ad,10.551734233135283
372336ad,10.561674967815067
372336ad,10.57161570249485
372336ad,10.581556437174633
372336b0,10.525370857744708
372336b0,10.45063981822186
372336b0,10.375908778699015
372336b0,10.30117773917617
372336cd,4.875770934070798
372336cd,4.881936227275463
372336cd,4.888101520480128
372336cd,4.894266813684794
372336ef,4.026080663746402
372336ef,4.034393112538969
372336ef,4.042705561331536
372336ef,4.0510180101241025
3723384f,19.05328593867349
3723384f,18.91252907783094
3723384f,18.771772216988392
3723384f,18.631015356145845
3.72E+13,56.7349103719335
3.72E+13,56.909206459289095
3.72E+13,57.083502546644695
3.72E+13,57.257798634000295
372a026b,2.6399687188949086
372a026b,2.6101836245424694
372a026b,2.580398530190031
372a026b,2.550613435837593
372a0648,5.573035253960413
372a0648,5.465528733128558
372a0648,5.3580222122967065
372a0648,5.250515691464855
372a0649,4.5150424993695
372a0649,4.512546040529591
372a0649,4.510049581689682
372a0649,4.507553122849773
372a064b,73.21547300806037
372a064b,73.17600046928922
372a064b,73.13652793051807
372a064b,73.09705539174692
372a064c,21.27813080746924
372a064c,20.607791593451196
372a064c,19.937452379433154
372a064c,19.26711316541511
372a0661,41.41058308943652
372a0661,41.44271783840251
372a0661,41.47485258736849
372a0661,41.506987336334475
372a0e18,2.792876974183887
372a0e18,2.6540286893597163
372a0e18,2.5151804045355455
372a0e18,2.376332119711371
372a0e1c,2.5934022972167488
372a0e1c,2.588133387591368
372a0e1c,2.5828644779659866
372a0e1c,2.5775955683406058
372a0e26,54.988222729313954
372a0e26,54.758405041396365
372a0e26,54.528587353478784
372a0e26,54.2987696655612
372a0e29,117.43086168693009
372a0e29,117.62175203973122
372a0e29,117.81264239253235
372a0e29,118.00353274533347
372a0e31,0.917492392514184
372a0e31,0.8958889247138297
372a0e31,0.874285456913475
372a0e31,0.8526819891131208
372a0e32,23.72082836570028
372a0e32,23.743127776340337
372a0e32,23.765427186980393
372a0e32,23.78772659762045
372a0e39,3.6414695121220326
372a0e39,3.580104982275129
372a0e39,3.5187404524282258
372a0e39,3.4573759225813223
372a0e3b,22.85941101054702
372a0e3b,22.820806886879865
372a0e3b,22.782202763212712
372a0e3b,22.74359863954556
372a0e3c,70.98294588923346
372a0e3c,70.70860208596396
372a0e3c,70.43425828269446
372a0e3c,70.15991447942496
372a0e3d,0.30924392009539714
372a0e3d,0.28494185765644175
372a0e3d,0.2606397952174868
372a0e3d,0.23633773277853143
372a0e72,57.387341044318646
372a0e72,57.81490826279567
372a0e72,58.24247548127268
372a0e72,58.6700426997497
372a15ea,22.224640311484066
372a15ea,22.278887045982962
372a15ea,22.33313378048186
372a15ea,22.387380514980755
372a2d58,0.6008146696226868
372a2d58,0.5663355933717842
372a2d58,0.5318565171208824
372a2d58,0.4973774408699807
372a2d5b,2.2029755794045007
372a2d5b,2.1745053666176775
372a2d5b,2.1460351538308533
372a2d5b,2.11756494104403
372a2d6b,3.753755615337332
372a2d6b,3.7453812363494787
372a2d6b,3.737006857361625
372a2d6b,3.7286324783737714
372a3143,8.831140693659354
372a3143,8.656404677927267
372a3143,8.481668662195183
372a3143,8.306932646463096
372a3910,1.7804969889091073
372a3910,1.767883811931255
372a3910,1.7552706349534024
372a3910,1.74265745797555
372a40ed,10.808412009300064
372a40ed,10.836930107506703
372a40ed,10.865448205713342
372a40ed,10.893966303919981
372aa960,6.329693779096749
372aa960,6.316721310125715
372aa960,6.303748841154679
372aa960,6.290776372183644
372b42b7,17.963027976103056
372b42b7,18.08794759700551
372b42b7,18.212867217907963
372b42b7,18.337786838810416
372b42b9,28.962471936177646
372b42b9,28.825322948109772
372b42b9,28.688173960041897
372b42b9,28.551024971974027
372b42c7,9.199412988923152
372b42c7,9.25891495149891
372b42c7,9.31841691407467
372b42c7,9.377918876650428
37318894,6.931464946359245
37318894,6.801888634858717
37318894,6.672312323358188
37318894,6.542736011857659
379ca2fe,21.34473228296978
379ca2fe,21.401631724435696
379ca2fe,21.45853116590161
379ca2fe,21.515430607367527
379ca305,19.680277769336115
379ca305,19.704942453348643
379ca305,19.72960713736117
379ca305,19.754271821373703
379ca308,39.78873860844607
379ca308,39.90900735038167
379ca308,40.029276092317275
379ca308,40.14954483425288
379ca3eb,25.518199910186084
379ca3eb,25.630178178559703
379ca3eb,25.74215644693333
379ca3eb,25.854134715306955
379ca4f8,76.06647543574825
379ca4f8,76.39478901296587
379ca4f8,76.7231025901835
379ca4f8,77.05141616740113
379ca4fa,12.160117704904494
379ca4fa,12.212431829868368
379ca4fa,12.264745954832243
379ca4fa,12.317060079796118
379ca654,14.639162233986204
379ca654,14.656216768517524
379ca654,14.673271303048844
379ca654,14.690325837580165
379ca658,17.637420802903492
379ca658,17.635513377103795
379ca658,17.6336059513041
379ca658,17.631698525504405
379ca75a,19.931657759332843
379ca75a,20.006729081971727
379ca75a,20.08180040461061
379ca75a,20.156871727249495
379ca765,17.92696371689656
379ca765,17.856140878299723
379ca765,17.785318039702886
379ca765,17.714495201106054
379ca7b7,47.519588526822915
379ca7b7,47.662087181975124
379ca7b7,47.804585837127334
379ca7b7,47.947084492279544
379ca7c0,34.249085243190734
379ca7c0,34.196391969826976
379ca7c0,34.14369869646322
379ca7c0,34.09100542309946
379cac6f,12.26098661641866
379cac6f,12.266063197373047
379cac6f,12.271139778327436
379cac6f,12.276216359281824
379cae3d,18.59445474730967
379cae3d,18.663063112256864
379cae3d,18.73167147720406
379cae3d,18.800279842151255
379cb225,19.311213578779505
379cb225,19.32361965585699
379cb225,19.336025732934477
379cb225,19.348431810011963
379cd4fe,3.22051229771437
379cd4fe,3.210012556755724
379cd4fe,3.1995128157970787
379cd4fe,3.1890130748384333
379cdcc9,2.2062135660665634
379cdcc9,2.1661226334099295
379cdcc9,2.1260317007532965
379cdcc9,2.0859407680966626
379ce0a9,36.847416953908564
379ce0a9,36.808557723845574
379ce0a9,36.769698493782585
379ce0a9,36.7308392637196
379ce878,86.48788613900527
379ce878,86.55152501441104
379ce878,86.61516388981681
379ce878,86.67880276522257
379ce879,4.8819330793085465
379ce879,4.867245210519682
379ce879,4.852557341730817
379ce879,4.837869472941953
379cec60,28.391232294653577
379cec60,28.47495041649418
379cec60,28.558668538334786
379cec60,28.642386660175394
38074d73,3.938667070897905
38074d73,3.9364767518405617
38074d73,3.934286432783218
38074d73,3.932096113725874
38074d74,6.578607821317523
38074d74,6.553210992845761
38074d74,6.527814164373998
38074d74,6.502417335902235
38074d75,18.55572948745408
38074d75,18.625929331290706
38074d75,18.696129175127332
38074d75,18.766329018963958
38074d76,80.11603097308863
38074d76,80.43103137445442
38074d76,80.7460317758202
38074d76,81.06103217718598
38074d7b,16.18112209038564
38074d7b,16.18576183039263
38074d7b,16.19040157039962
38074d7b,16.195041310406612
38074d81,5.887712080649941
38074d81,5.549434824916737
38074d81,5.211157569183534
38074d81,4.872880313450331
38074d85,4.941520884520587
38074d85,4.946644261213936
38074d85,4.951767637907285
38074d85,4.956891014600634
38074d86,6.443148565029549
38074d86,6.315418233436034
38074d86,6.187687901842516
38074d86,6.059957570249001
38074d88,22.18046531551891
38074d88,22.232445029535796
38074d88,22.28442474355269
38074d88,22.336404457569582
38074d89,14.170776236578916
38074d89,14.216051446981155
38074d89,14.261326657383393
38074d89,14.30660186778563
38074d8a,10.943971637302393
38074d8a,10.90835723467573
38074d8a,10.872742832049067
38074d8a,10.837128429422403
38074dbc,35.21949762322444
38074dbc,35.26909238907564
38074dbc,35.31868715492683
38074dbc,35.368281920778024
38074dbd,11.333568139378414
38074dbd,11.37357649844133
38074dbd,11.41358485750425
38074dbd,11.453593216567167
38074dbe,46.152122232165226
38074dbe,46.37080005215938
38074dbe,46.58947787215355
38074dbe,46.80815569214772
38074dbf,12.317845194852492
38074dbf,12.306114719905406
38074dbf,12.294384244958318
38074dbf,12.282653770011231
38074dc0,36.63936552000357
38074dc0,36.8228899934486
38074dc0,37.00641446689362
38074dc0,37.189938940338635
38074dc2,4.592317883152068
38074dc2,4.592118653168991
38074dc2,4.591919423185914
38074dc2,4.591720193202836
380c297c,9.797458113575985
380c297c,9.65248897031092
380c297c,9.507519827045858
380c297c,9.362550683780793
3827a627,8.620651583142832
3827a627,8.563104205332682
3827a627,8.50555682752253
3827a627,8.44800944971238
3827a6bd,26.465245779333088
3827a6bd,26.3899349690573
3827a6bd,26.314624158781513
3827a6bd,26.23931334850573
3827a6be,18.315752402231716
3827a6be,18.224848077300507
3827a6be,18.133943752369298
3827a6be,18.043039427438092
3827a6bf,5.639597440412359
3827a6bf,4.80428520628692
3827a6bf,3.968972972161481
3827a6bf,3.133660738036042
3827a6c0,10.257706011127553
3827a6c0,9.712999250904929
3827a6c0,9.168292490682305
3827a6c0,8.623585730459666
3827a7c8,38.010845109252
3827a7c8,38.245634768761846
3827a7c8,38.48042442827169
3827a7c8,38.71521408778154
3827a7e8,2.5358061864572283
3827a7e8,2.54225104333915
3827a7e8,2.5486959002210714
3827a7e8,2.5551407571029934
382be6c1,1.6846967884320452
382be6c1,1.6699450522374844
382be6c1,1.6551933160429235
382be6c1,1.6404415798483627
382d42cc,4.359292356409425
382d42cc,4.348597380964172
382d42cc,4.337902405518919
382d42cc,4.327207430073666
382d4bdc,6.885577516929706
382d4bdc,6.9065229991068255
382d4bdc,6.927468481283945
382d4bdc,6.948413963461064
382d4bdd,53.626786486359194
382d4bdd,53.76907937344319
382d4bdd,53.91137226052719
382d4bdd,54.05366514761119
382d4ca4,2.7181556207130897
382d4ca4,2.7262656915556636
382d4ca4,2.734375762398238
382d4ca4,2.7424858332408117
382d4cc1,8.130477901332789
382d4cc1,8.154497252127571
382d4cc1,8.178516602922354
382d4cc1,8.202535953717138
382d4cc2,28.276904432204233
382d4cc2,28.39502620016541
382d4cc2,28.51314796812659
382d4cc2,28.631269736087773
38351194,17.630494004394322
38351194,17.650725685073276
38351194,17.670957365752226
38351194,17.69118904643118
38351198,5.6718104042485935
38351198,5.6524060334902515
38351198,5.63300166273191
38351198,5.613597291973569
3835119a,10.287964450736071
3835119a,10.233183288315386
3835119a,10.178402125894703
3835119a,10.123620963474018
3835119c,8.011943265403039
3835119c,7.9170023388183495
3835119c,7.8220614122336585
3835119c,7.727120485648969
383516cb,9.98629671840189
383516cb,9.959504311443382
383516cb,9.932711904484874
383516cb,9.905919497526366
383516cc,17.73157643281833
383516cc,17.761491199192573
383516cc,17.791405965566813
383516cc,17.821320731941054
383516cd,4.1773076020131965
383516cd,4.15059807133753
383516cd,4.123888540661864
383516cd,4.097179009986197
383516f3,7.1498563619019
383516f3,7.151499237405014
383516f3,7.153142112908129
383516f3,7.154784988411244
38351b10,18.534308783348322
38351b10,18.571535671489798
38351b10,18.608762559631273
38351b10,18.64598944777275
38351bf0,1.7869735070736632
38351bf0,1.7867050218184375
38351bf0,1.7864365365632118
38351bf0,1.7861680513079863
38351bf5,10.694845712693049
38351bf5,10.72149343424908
38351bf5,10.74814115580511
38351bf5,10.77478887736114
38351bf6,5.883300265555225
38351bf6,5.832744946029924
38351bf6,5.782189626504623
38351bf6,5.731634306979322
38351bf7,8.34055650485592
38351bf7,8.37965861267403
38351bf7,8.418760720492138
38351bf7,8.457862828310247
38351c00,2.4415725838233975
38351c00,2.4345355459343465
38351c00,2.4274985080452955
38351c00,2.4204614701562446
38351c07,49.04881909469557
38351c07,49.10158489237404
38351c07,49.15435069005251
38351c07,49.207116487730985
38351c08,10.704814779075074
38351c08,10.636595672344587
38351c08,10.568376565614102
38351c08,10.500157458883615
38351c0a,3.773937412848234
38351c0a,3.768515947903085
38351c0a,3.763094482957937
38351c0a,3.757673018012788
38351c0c,4.906459616003733
38351c0c,4.8370656516975625
38351c0c,4.76767168739139
38351c0c,4.6982777230852175
38351c11,17.897326092686555
38351c11,17.940553005769615
38351c11,17.983779918852676
38351c11,18.027006831935733
38351c12,3.5326091839028964
38351c12,3.5053204273147154
38351c12,3.4780316707265353
38351c12,3.450742914138355
38351c17,25.13508337693066
38351c17,25.075829074598218
38351c17,25.01657477226578
38351c17,24.957320469933343
38351c1a,8.045412812879157
38351c1a,8.006527612089112
38351c1a,7.96764241129907
38351c1a,7.928757210509027
38351c1b,7.0134829844518265
38351c1b,6.984949570175385
38351c1b,6.9564161558989435
38351c1b,6.9278827416225015
38351c1f,3.274272429173469
38351c1f,3.2614789100140347
38351c1f,3.2486853908546003
38351c1f,3.2358918716951655
38351c24,18.73457880626431
38351c24,18.808292447095088
38351c24,18.882006087925866
38351c24,18.955719728756645
38351c27,115.39358316002361
38351c27,115.7457727344657
38351c27,116.0979623089078
38351c27,116.45015188334989
38351c28,7.12180149913449
38351c28,7.115206024143211
38351c28,7.108610549151932
38351c28,7.102015074160652
38351c2a,41.2519791933916
38351c2a,41.161444633497354
38351c2a,41.0709100736031
38351c2a,40.98037551370886
38351c2b,7.738901509680179
38351c2b,7.760139268477869
38351c2b,7.781377027275559
38351c2b,7.802614786073248
38351c2c,13.19386294163705
38351c2c,12.808815312292232
38351c2c,12.423767682947421
38351c2c,12.038720053602603
38351c2d,80.57400319324921
38351c2d,80.63168066684594
38351c2d,80.68935814044266
38351c2d,80.7470356140394
38351c3d,10.887082547804605
38351c3d,10.87545183919362
38351c3d,10.863821130582634
38351c3d,10.852190421971649
38351c56,20.185476636697622
38351c56,20.273007733465036
38351c56,20.360538830232446
38351c56,20.44806992699986
38351c57,24.715767585118304
38351c57,24.749863456935028
38351c57,24.783959328751752
38351c57,24.818055200568477
38351c58,28.53018997132807
38351c58,28.71479171537439
38351c58,28.899393459420704
38351c58,29.083995203467023
38351c5a,9.815928869992476
38351c5a,9.862088235333287
38351c5a,9.9082476006741
38351c5a,9.954406966014911
38351c69,27.56922233957143
38351c69,27.644282038947853
38351c69,27.719341738324275
38351c69,27.7944014377007
38351c6e,11.336568333462687
38351c6e,11.278031041133156
38351c6e,11.219493748803625
38351c6e,11.160956456474095
38351c74,6.377661227665931
38351c74,6.403488177386482
38351c74,6.429315127107033
38351c74,6.455142076827585
38351c79,8.350400681704343
38351c79,8.359726049389906
38351c79,8.369051417075468
38351c79,8.37837678476103
38351c7e,5.7112898443318265
38351c7e,5.727185745424642
38351c7e,5.743081646517459
38351c7e,5.758977547610276
38454832,7.415786799824054
38454832,7.438220241209334
38454832,7.4606536825946135
38454832,7.483087123979893
38454865,18.15721249466813
38454865,18.178587855942737
38454865,18.199963217217345
38454865,18.221338578491952
3845486b,47.001892230805545
3845486b,47.0925267991872
3845486b,47.18316136756884
3845486b,47.273795935950496
3845486e,215.20906513978971
3845486e,215.64110047353898
3845486e,216.07313580728825
3845486e,216.50517114103752
38454898,8.01743023227516
38454898,8.024733454982075
38454898,8.03203667768899
38454898,8.039339900395905
3845489a,11.209574081287041
3845489a,11.27189910427023
3845489a,11.334224127253414
3845489a,11.396549150236599
3845489b,13.817482452203269
3845489b,13.891074230391705
3845489b,13.964666008580146
3845489b,14.038257786768586
3845489c,17.832538209356503
3845489c,17.936229394286364
3845489c,18.039920579216222
3845489c,18.143611764146083
3845489d,21.636978392476166
3845489d,21.73913221933242
3845489d,21.84128604618867
3845489d,21.943439873044916
3845489e,44.169986036345215
3845489e,44.4368419160028
3845489e,44.70369779566038
3845489e,44.970553675317966
3.85E+04,5.173134063798877
3.85E+04,5.1638146288201945
3.85E+04,5.154495193841512
3.85E+04,5.145175758862829
3.85E+07,5.983301912184073
3.85E+07,6.018073567744672
3.85E+07,6.052845223305271
3.85E+07,6.0876168788658696
38454e0c,3.1163232497092084
38454e0c,3.0768617288222657
38454e0c,3.037400207935324
38454e0c,2.997938687048382
3.85E+72,1.713309809948762
3.85E+72,1.718366655572101
3.85E+72,1.7234235011954402
3.85E+72,1.7284803468187797
38454e8a,0.9063677801227437
38454e8a,0.8942892126801556
38454e8a,0.8822106452375675
38454e8a,0.8701320777949795
38471b46,7.423565244459608
38471b46,7.437825958353124
38471b46,7.45208667224664
38471b46,7.466347386140155
38471b53,1.3617063627312682
38471b53,1.3546311860122753
38471b53,1.3475560092932826
38471b53,1.3404808325742898
38471b76,7.849963174840866
38471b76,7.783624978342592
38471b76,7.717286781844317
38471b76,7.650948585346043
38471bfb,9.399903127371946
38471bfb,9.372688953384543
38471bfb,9.345474779397136
38471bfb,9.318260605409732
38471c03,53.27806427639924
38471c03,53.373374120491334
38471c03,53.468683964583434
38471c03,53.56399380867553
38471c04,-5.267856690985518
38471c04,-5.656993589891833
38471c04,-6.046130488798141
38471c04,-6.435267387704457
38471c4e,7.189462083888718
38471c4e,7.196701923492539
38471c4e,7.203941763096361
38471c4e,7.211181602700181
38471c70,48.889831812602985
38471c70,48.94582046248719
38471c70,49.001809112371404
38471c70,49.05779776225561
38471c71,5.156529506923046
38471c71,5.124267628523922
38471c71,5.092005750124799
38471c71,5.059743871725676
38471c72,35.84189657015686
38471c72,35.851510461117826
38471c72,35.86112435207879
38471c72,35.87073824303976
38471c7a,36.82388190571622
38471c7a,36.820802225467325
38471c7a,36.81772254521843
38471c7a,36.81464286496954
38471cdc,12.658644335312234
38471cdc,12.700373179370306
38471cdc,12.74210202342838
38471cdc,12.783830867486454
38471cde,51.96269628935821
38471cde,52.20134765674423
38471cde,52.43999902413025
38471cde,52.67865039151628
38471cdf,16.38744886218552
38471cdf,16.468227206691513
38471cdf,16.549005551197503
38471cdf,16.629783895703497
38471ce0,7.441523124420124
38471ce0,7.481833930458264
38471ce0,7.522144736496403
38471ce0,7.562455542534543
38471ce1,8.00453337504793
38471ce1,8.045361658416773
38471ce1,8.086189941785616
38471ce1,8.127018225154458
38471cef,22.137023553693844
38471cef,22.29998338842074
38471cef,22.462943223147633
38471cef,22.625903057874527
38472217,6.561654263878815
38472217,6.273976338669911
38472217,5.986298413461
38472217,5.6986204882520965
38472260,1.1577856667981141
38472260,1.1157713263559055
38472260,1.073756985913696
38472260,1.0317426454714864
38472275,3.0557391735061294
38472275,2.9808035766715797
38472275,2.90586797983703
38472275,2.83093238300248
3847227f,3.315991345028195
3847227f,3.2760271180399236
3847227f,3.2360628910516525
3847227f,3.1960986640633813
38472280,28.57201119610758
38472280,28.13394914023577
38472280,27.69588708436396
38472280,27.25782502849215
3847275f,0.9293438220362287
3847275f,0.8701148245147667
3847275f,0.8108858269933066
3847275f,0.7516568294718464
3847278a,4.36566832124615
3847278a,4.355255330991166
3847278a,4.344842340736182
3847278a,4.334429350481198
38722a41,1.7865438701274765
38722a41,1.780189275143084
38722a41,1.773834680158691
38722a41,1.7674800851742982
387b5733,63.45487347049671
387b5733,63.74784930294931
387b5733,64.04082513540192
387b5733,64.33380096785453
387b5734,148.78279058549643
387b5734,149.4092621540884
387b5734,150.03573372268033
387b5734,150.6622052912723
387b5738,32.99416518278367
387b5738,33.116597546595656
387b5738,33.239029910407645
387b5738,33.36146227421964
387b5741,48.196956121820996
387b5741,48.120062610640446
387b5741,48.043169099459895
387b5741,47.966275588279345
387b5742,113.02743362360414
387b5742,112.68179630014606
387b5742,112.33615897668798
387b5742,111.9905216532299
387b575d,6.714856067082707
387b575d,5.71335400256126
387b575d,4.711851938039786
387b575d,3.7103498735183393
387b5783,30.03720678958349
387b5783,29.857066925413417
387b5783,29.676927061243347
387b5783,29.496787197073278
387b5788,38.822432993405364
387b5788,38.51730104455595
387b5788,38.212169095706535
387b5788,37.90703714685713
387b578a,13.603998111704158
387b578a,13.10644226586301
387b578a,12.60888642002186
387b578a,12.111330574180698
387b5c01,4.994866937254602
387b5c01,4.9522366244399185
387b5c01,4.909606311625235
387b5c01,4.8669759988105525
387b5c02,3.9362499771469706
387b5c02,3.8954517810773037
387b5c02,3.854653585007637
387b5c02,3.813855388937971
387b5c03,1.1668651903751162
387b5c03,1.09636005428548
387b5c03,1.0258549181958436
387b5c03,0.9553497821062074
387b5c1a,17.1096724431456
387b5c1a,17.063147066112997
387b5c1a,17.016621689080395
387b5c1a,16.970096312047794
387b5c1d,16.426682942462797
387b5c1d,16.350473690321664
387b5c1d,16.27426443818053
387b5c1d,16.1980551860394
387b5c26,9.717295196602036
387b5c26,9.749217881565977
387b5c26,9.78114056652992
387b5c26,9.813063251493862
38981967,14.802236303589446
38981967,14.85479718072926
38981967,14.907358057869075
38981967,14.95991893500889
38981969,4.36619512140195
38981969,4.374728351643403
38981969,4.383261581884855
38981969,4.391794812126308
38981973,12.108759411664357
38981973,12.205563510898445
38981973,12.302367610132531
38981973,12.39917170936662
38981977,309.8430559905871
38981977,311.0799576332083
38981977,312.3168592758296
38981977,313.55376091845085
3899ab83,9.399616117542177
3899ab83,9.404196469942544
3899ab83,9.408776822342912
3899ab83,9.413357174743279
3899ab85,11.714075008060611
3899ab85,11.753432040661078
3899ab85,11.792789073261545
3899ab85,11.83214610586201
3899ab8d,31.171964351938342
3899ab8d,31.1520635710125
3899ab8d,31.132162790086664
3899ab8d,31.112262009160823
3899ab98,4.873993059217253
3899ab98,4.8697684876162
3899ab98,4.865543916015149
3899ab98,4.861319344414096
3899aba3,0.7660499395893041
3899aba3,0.7587320061908402
3899aba3,0.7514140727923764
3899aba3,0.7440961393939123
3899aba9,17.273595676824392
3899aba9,17.169983978059157
3899aba9,17.066372279293923
3899aba9,16.962760580528688
3899abaa,0.12709504765477142
3899abaa,0.0896670528576351
3899abaa,0.05223905806049789
3899abaa,0.01481106326336068
3899abc4,3.470549437670195
3899abc4,3.4691709913880104
3899abc4,3.4677925451058256
3899abc4,3.466414098823641
3899abd7,17.69667165457988
3899abd7,17.650974616610917
3899abd7,17.605277578641957
3899abd7,17.559580540672997
3899ac34,9.170119522250012
3899ac34,9.155577610157957
3899ac34,9.141035698065902
3899ac34,9.126493785973846
3899ac37,27.07093834476752
3899ac37,27.17094053623679
3899ac37,27.27094272770607
3899ac37,27.370944919175344
3899ac3e,5.8424931704252385
3899ac3e,5.81892101254598
3899ac3e,5.795348854666722
3899ac3e,5.771776696787464
3899ac92,1.538573007224947
3899ac92,1.5370792363855574
3899ac92,1.5355854655461678
3899ac92,1.5340916947067782
3899ac99,1.7241383923744618
3899ac99,1.717872243152839
3899ac99,1.711606093931216
3899ac99,1.7053399447095932
3899ac9b,1.525117446407982
3899ac9b,1.509992373444768
3899ac9b,1.494867300481554
3899ac9b,1.47974222751834
3899aca5,10.59031008563802
3899aca5,10.562373513781257
3899aca5,10.534436941924493
3899aca5,10.506500370067728
3899accc,3.9417974213065774
3899accc,3.953303966837863
3899accc,3.9648105123691484
3899accc,3.9763170579004337
3899ad32,3.4413033721142687
3899ad32,3.4618744883797046
3899ad32,3.4824456046451404
3899ad32,3.503016720910577
3899ad34,4.569275189092925
3899ad34,4.596189640307247
3899ad34,4.6231040915215695
3899ad34,4.650018542735891
3899ad96,28.772685248469635
3899ad96,28.704647876290714
3899ad96,28.636610504111793
3899ad96,28.56857313193287
3899ad98,1.24450410379864
3899ad98,1.1979316888757756
3899ad98,1.1513592739529113
3899ad98,1.104786859030047
3899af74,37.94746745456242
3899af74,38.018158320700095
3899af74,38.08884918683776
3899af74,38.15954005297544
3899af7e,6.183948783062581
3899af7e,6.202281452699557
3899af7e,6.220614122336532
3899af7e,6.2389467919735075
3899af8c,9.567579221917018
3899af8c,9.600552238149994
3899af8c,9.63352525438297
3899af8c,9.666498270615946
3899af90,47.819419057234754
3899af90,47.937493666230026
3899af90,48.05556827522529
3899af90,48.173642884220556
3899af91,63.1247706978522
3899af91,63.38406298161624
3899af91,63.643355265380265
3899af91,63.902647549144305
3899af97,3.8560767082048972
3899af97,3.8160338425815556
3899af97,3.775990976958214
3899af97,3.7359481113348725
3899afa2,2.658117595694261
3899afa2,2.5737431227517025
3899afa2,2.489368649809144
3899afa2,2.4049941768665857
3899afae,68.71421836163091
3899afae,68.505570872298
3899afae,68.29692338296505
3899afae,68.08827589363212
3899afd2,151.82992745510242
3899afd2,152.19056247993927
3899afd2,152.55119750477613
3899afd2,152.91183252961298
3899afd7,0.9601787633550982
3899afd7,0.9338453541880494
3899afd7,0.9075119450210005
3899afd7,0.8811785358539508
3899afde,3.373969328389734
3899afde,3.375326586433062
3899afde,3.3766838444763896
3899afde,3.3780411025197177
3899afe6,26.526118560425036
3899afe6,26.45408859759163
3899afe6,26.38205863475822
3899afe6,26.31002867192481
3899afe7,35.20811887304238
3899afe7,35.11272966386131
3899afe7,35.01734045468024
3899afe7,34.921951245499166
3899afe8,20.865494819838826
3899afe8,20.967320410606273
3899afe8,21.069146001373724
3899afe8,21.17097159214117
3899aff5,2.775565577659799
3899aff5,2.7800336323942263
3899aff5,2.784501687128653
3899aff5,2.7889697418630806
3899b019,25.056261736014157
3899b019,25.001269114969684
3899b019,24.94627649392521
3899b019,24.891283872880734
3899b01b,5.867614551791866
3899b01b,5.863706048176729
3899b01b,5.859797544561591
3899b01b,5.855889040946454
3899b01d,75.76639530788268
3899b01d,75.9278418180526
3899b01d,76.08928832822252
3899b01d,76.25073483839246
3899b052,96.1532549554145
3899b052,96.35550008541887
3899b052,96.55774521542324
3899b052,96.75999034542761
3899b083,9.408257771028751
3899b083,9.451626342623022
3899b083,9.494994914217296
3899b083,9.538363485811567
3899b0a7,8.542471945863687
3899b0a7,8.588177822355142
3899b0a7,8.633883698846597
3899b0a7,8.679589575338053
3899b0bf,64.94082833179911
3899b0bf,65.3231357164815
3899b0bf,65.70544310116391
3899b0bf,66.08775048584631
3899b0c3,217.756997536958
3899b0c3,218.77179116532767
3899b0c3,219.78658479369736
3899b0c3,220.80137842206702
3899b0db,17.326206316056602
3899b0db,17.419249260742344
3899b0db,17.512292205428086
3899b0db,17.605335150113827
3899b0ed,53.24035017983972
3899b0ed,53.492268593254714
3899b0ed,53.7441870066697
3899b0ed,53.99610542008469
3899b140,114.66434621146419
3899b140,115.40062661492215
3899b140,116.13690701838013
3899b140,116.87318742183811
3899b15c,80.75545127982411
3899b15c,81.27680381833858
3899b15c,81.79815635685304
3899b15c,82.3195088953675
3899b15d,4.969181403893961
3899b15d,5.003869759406941
3899b15d,5.038558114919921
3899b15d,5.073246470432901
3899b356,14.013401016236365
3899b356,14.075576268639747
3899b356,14.13775152104313
3899b356,14.199926773446512
3899b35a,27.577867928016648
3899b35a,27.726504573814314
3899b35a,27.875141219611976
3899b35a,28.02377786540964
3899b35b,108.59111033515072
3899b35b,109.05351507434227
3899b35b,109.51591981353381
3899b35b,109.97832455272535
3899b35c,11.806430727353494
3899b35c,11.872403214849104
3899b35c,11.938375702344711
3899b35c,12.004348189840321
3899b360,3.202331517481084
3899b360,3.218211012823243
3899b360,3.2340905081654023
3899b360,3.249970003507561
389a10b0,3.819355250366897
389a10b0,3.3810095747835334
389a10b0,2.94266389920017
389a10b0,2.5043182236168064
389a10b7,30.7775431062612
389a10b7,30.88829675496673
389a10b7,30.99905040367227
389a10b7,31.10980405237781
389a3607,9.61055005999904
389a3607,9.607596661653732
389a3607,9.604643263308425
389a3607,9.601689864963117
389a3668,7.3939488690262944
389a3668,7.410118461627313
389a3668,7.426288054228332
389a3668,7.44245764682935
389a5b9b,11.864840405947284
389a5b9b,11.834879207061032
389a5b9b,11.804918008174784
389a5b9b,11.774956809288534
389a5bbb,1.3346782820188492
389a5bbb,1.3278509471566533
389a5bbb,1.3210236122944574
389a5bbb,1.3141962774322615
389a5be8,1.947196911021143
389a5be8,1.9029520544055876
389a5be8,1.8587071977900314
389a5be8,1.814462341174476
389a5bec,1.675288483925815
389a5bec,1.6592186576608983
389a5bec,1.6431488313959814
389a5bec,1.627079005131065
389a5c0c,1.6325605841367408
389a5c0c,1.6309889011161842
389a5c0c,1.6294172180956277
389a5c0c,1.627845535075071
389a5c1c,24.331576747615017
389a5c1c,24.304274612167447
389a5c1c,24.276972476719873
389a5c1c,24.2496703412723
389a5c5e,12.326663982015907
389a5c5e,12.312057354988601
389a5c5e,12.297450727961294
389a5c5e,12.282844100933989
389a5c71,13.547422547603617
389a5c71,13.607247600553025
389a5c71,13.667072653502434
389a5c71,13.726897706451844
389a5c74,31.392299455438046
389a5c74,31.51072040133188
389a5c74,31.629141347225715
389a5c74,31.74756229311955
389a5c76,11.032374963056789
389a5c76,11.095892581198473
389a5c76,11.159410199340158
389a5c76,11.222927817481843
389a5c91,53.84999398859394
389a5c91,54.24069367146049
389a5c91,54.63139335432703
389a5c91,55.022093037193585
389a5ca7,19.641334089006822
389a5ca7,19.790394439043794
389a5ca7,19.939454789080763
389a5ca7,20.088515139117735
389b7e17,31.307975773730913
389b7e17,31.510531281165623
389b7e17,31.713086788600332
389b7e17,31.915642296035045
389b84f8,24.33344270500438
389b84f8,24.402955020759023
389b84f8,24.472467336513667
389b84f8,24.54197965226831
389b84f9,72.08574862103914
389b84f9,72.23787654375995
389b84f9,72.39000446648075
389b84f9,72.54213238920156
389b8508,6.714212610537529
389b8508,6.685489289103107
389b8508,6.656765967668685
389b8508,6.628042646234263
389b850b,13.570324914983708
389b850b,13.493185983459373
389b850b,13.41604705193504
389b850b,13.338908120410705
389b8517,11.18104750778486
389b8517,11.203230140959905
389b8517,11.225412774134949
389b8517,11.24759540730999
389b854f,14.510080213829298
389b854f,14.174784203841043
389b854f,13.83948819385278
389b854f,13.504192183864525
389b8550,194.1805891759095
389b8550,193.98914944234372
389b8550,193.79770970877797
389b8550,193.6062699752122
389b8553,7.057366732939442
389b8553,7.063891620826416
389b8553,7.07041650871339
389b8553,7.076941396600365
389b857a,49.65205285581742
389b857a,49.67276326961889
389b857a,49.69347368342035
389b857a,49.71418409722181
389b8584,1.3204377272211603
389b8584,1.306049460129728
389b8584,1.2916611930382955
389b8584,1.2772729259468631
389b8586,38.172518333577706
389b8586,38.05802744276482
389b8586,37.94353655195193
389b8586,37.82904566113904
389b858a,2.3572896440727
389b858a,2.3176612204013933
389b858a,2.278032796730087
389b858a,2.2384043730587795
389b858b,19.67149457841398
389b858b,19.690662670040158
389b858b,19.709830761666336
389b858b,19.728998853292513
389b858d,5.085969826252793
389b858d,4.686067122645625
389b858d,4.286164419038457
389b858d,3.8862617154312815
389b85ce,46.37356324065759
389b85ce,46.68472384883996
389b85ce,46.99588445702232
389b85ce,47.30704506520468
389b87ac,2.0717615381160073
389b87ac,2.049565465543747
389b87ac,2.027369392971486
389b87ac,2.0051733203992255
389b87bb,17.933239128405447
389b87bb,17.850635568466522
389b87bb,17.768032008527598
389b87bb,17.685428448588674
389b87d3,6.938438540607381
389b87d3,6.954287524885586
389b87d3,6.970136509163792
389b87d3,6.985985493441998
389b87d4,82.76905237357312
389b87d4,83.19837621812698
389b87d4,83.62770006268087
389b87d4,84.05702390723476
389b87d5,13.481371482010761
389b87d5,13.541636463336658
389b87d5,13.601901444662555
389b87d5,13.662166425988453
389b87d7,23.888152190639907
389b87d7,24.017783349410163
389b87d7,24.147414508180418
389b87d7,24.27704566695067
389b87d8,12.2530536187151
389b87d8,12.338370302370699
389b87d8,12.423686986026297
389b87d8,12.509003669681896
389b9d8e,19.521764801104794
389b9d8e,19.47380122695643
389b9d8e,19.425837652808067
389b9d8e,19.3778740786597
389b9d8f,5.839843853576436
389b9d8f,5.832286008776291
389b9d8f,5.824728163976145
389b9d8f,5.8171703191759985
389b9db0,3.070768354554061
389b9db0,3.067897529802469
389b9db0,3.065026705050877
389b9db0,3.0621558802992848
389b9deb,8.409965906307546
389b9deb,8.40869951554
389b9deb,8.407433124772453
389b9deb,8.406166734004907
389bdace,5.836579896187315
389bdace,5.811037171556569
389bdace,5.7854944469258225
389bdace,5.759951722295075
389bdcb5,6.912194606346132
389bdcb5,6.922420413645274
389bdcb5,6.932646220944417
389bdcb5,6.942872028243559
389bdcb7,3.3554032854362106
389bdcb7,3.330901932476353
389bdcb7,3.3064005795164952
389bdcb7,3.2818992265566376
389c3044,5.980707987445424
389c3044,5.98275065474685
389c3044,5.984793322048276
389c3044,5.986835989349702
389c3046,6.419642272304223
389c3046,6.4280706510322485
389c3046,6.436499029760274
389c3046,6.444927408488299
389c3047,28.57092230224382
389c3047,28.56755506732473
389c3047,28.56418783240564
389c3047,28.56082059748655
389ccfd8,1.643783207267348
389ccfd8,1.6453473835975667
389ccfd8,1.6469115599277857
389ccfd8,1.6484757362580045
389ccfe7,1.8534482769058245
389ccfe7,1.860221430414373
389ccfe7,1.8669945839229212
389ccfe7,1.8737677374314696
